Workbook

Sheet Ringkasan
A1: REKAP KONFIRMASI KEHADIRAN — HUT KE-7 SMP NEGERI 14 TARAKAN
A2: Senin, 14 September 2026 — dipakai untuk estimasi jumlah kursi & konsumsi
A4: Kategori | B4: Jumlah Diundang | C4: Estimasi Hadir (Status = Hadir) | D4: Realisasi Hadir (H-3, aktual) | E4: % Konfirmasi
A5: Guru & Staf | B5: =SUMIF('Detail Konfirmasi'!$B$4:$B$33,A5,'Detail Konfirmasi'!$E$4:$E$33) -> 40 | C5: =SUMIFS('Detail Konfirmasi'!$E$4:$E$33,'Detail Konfirmasi'!$B$4:$B$33,A5,'Detail Konfirmasi'!$F$4:$F$33,"Hadir") -> 0 | D5: =SUMIF('Detail Konfirmasi'!$B$4:$B$33,A5,'Detail Konfirmasi'!$G$4:$G$33) -> 0 | E5: =IFERROR(C5/B5,0) -> 0
A6: Tamu Sekolah Mitra | B6: =SUMIF('Detail Konfirmasi'!$B$4:$B$33,A6,'Detail Konfirmasi'!$E$4:$E$33) -> 15 | C6: =SUMIFS('Detail Konfirmasi'!$E$4:$E$33,'Detail Konfirmasi'!$B$4:$B$33,A6,'Detail Konfirmasi'!$F$4:$F$33,"Hadir") -> 0 | D6: =SUMIF('Detail Konfirmasi'!$B$4:$B$33,A6,'Detail Konfirmasi'!$G$4:$G$33) -> 0 | E6: =IFERROR(C6/B6,0) -> 0
A7: Siswa | B7: =SUMIF('Detail Konfirmasi'!$B$4:$B$33,A7,'Detail Konfirmasi'!$E$4:$E$33) -> 90 | C7: =SUMIFS('Detail Konfirmasi'!$E$4:$E$33,'Detail Konfirmasi'!$B$4:$B$33,A7,'Detail Konfirmasi'!$F$4:$F$33,"Hadir") -> 0 | D7: =SUMIF('Detail Konfirmasi'!$B$4:$B$33,A7,'Detail Konfirmasi'!$G$4:$G$33) -> 0 | E7: =IFERROR(C7/B7,0) -> 0
A8: Orang Tua/Wali | B8: =SUMIF('Detail Konfirmasi'!$B$4:$B$33,A8,'Detail Konfirmasi'!$E$4:$E$33) -> 90 | C8: =SUMIFS('Detail Konfirmasi'!$E$4:$E$33,'Detail Konfirmasi'!$B$4:$B$33,A8,'Detail Konfirmasi'!$F$4:$F$33,"Hadir") -> 0 | D8: =SUMIF('Detail Konfirmasi'!$B$4:$B$33,A8,'Detail Konfirmasi'!$G$4:$G$33) -> 0 | E8: =IFERROR(C8/B8,0) -> 0
A9: TOTAL | B9: =SUM(B5:B8) -> 235 | C9: =SUM(C5:C8) -> 0 | D9: =SUM(D5:D8) -> 0 | E9: =IFERROR(C9/B9,0) -> 0
A11: Buffer cadangan konsumsi (%) | B11: 0.1
A12: Estimasi Kebutuhan Konsumsi (porsi) | B12: =ROUNDUP(C9*(1+B11),0) -> 0
A13: Estimasi Kebutuhan Kursi | B13: =B9 -> 235
A15: Catatan: Estimasi Kebutuhan Konsumsi dihitung dari jumlah yang sudah berstatus "Hadir" ditambah buffer cadangan (default 10%, dapat diubah pada sel kuning). Estimasi Kebutuhan Kursi menggunakan total jumlah yang diundang.

Sheet Detail Konfirmasi
A1: PETUNJUK: Isi/duplikasi baris sesuai jumlah kelas & data riil. Sel kuning = wajib diisi manual. Pilih Status Konfirmasi dari dropdown. Sheet Ringkasan terhitung otomatis dari data di sini.
A3: No | B3: Kategori | C3: Nama Instansi/Kelas | D3: PIC & Kontak (WA) | E3: Jumlah Diundang | F3: Status Konfirmasi | G3: Jumlah Hadir Aktual (H-3) | H3: Catatan
A4: 1 | B4: Guru & Staf | C4: Seluruh guru & tenaga kependidikan | D4: [Nama PIC Sekretariat / 08xx-xxxx-xxxx] | E4: 40 | F4: Belum Konfirmasi
A5: 2 | B5: Tamu Sekolah Mitra | C5: SD Negeri 041 Tarakan | D5: [Nama PIC / 08xx-xxxx-xxxx] | E5: 5 | F5: Belum Konfirmasi
A6: 3 | B6: Tamu Sekolah Mitra | C6: SMP SNT | D6: [Nama PIC / 08xx-xxxx-xxxx] | E6: 5 | F6: Belum Konfirmasi
A7: 4 | B7: Tamu Sekolah Mitra | C7: SMA Negeri 5 Tarakan | D7: [Nama PIC / 08xx-xxxx-xxxx] | E7: 5 | F7: Belum Konfirmasi
A8: 5 | B8: Siswa | C8: Kelas VII (contoh — duplikasi sesuai jumlah kelas) | D8: [Wali Kelas / 08xx-xxxx-xxxx] | E8: 30 | F8: Belum Konfirmasi
A9: 6 | B9: Orang Tua/Wali | C9: Kelas VII (contoh — duplikasi sesuai jumlah kelas) | D9: [Wali Kelas / 08xx-xxxx-xxxx] | E9: 30 | F9: Belum Konfirmasi
A10: 7 | B10: Siswa | C10: Kelas VIII (contoh — duplikasi sesuai jumlah kelas) | D10: [Wali Kelas / 08xx-xxxx-xxxx] | E10: 30 | F10: Belum Konfirmasi
A11: 8 | B11: Orang Tua/Wali | C11: Kelas VIII (contoh — duplikasi sesuai jumlah kelas) | D11: [Wali Kelas / 08xx-xxxx-xxxx] | E11: 30 | F11: Belum Konfirmasi
A12: 9 | B12: Siswa | C12: Kelas IX (contoh — duplikasi sesuai jumlah kelas) | D12: [Wali Kelas / 08xx-xxxx-xxxx] | E12: 30 | F12: Belum Konfirmasi
A13: 10 | B13: Orang Tua/Wali | C13: Kelas IX (contoh — duplikasi sesuai jumlah kelas) | D13: [Wali Kelas / 08xx-xxxx-xxxx] | E13: 30 | F13: Belum Konfirmasi
